petri_plate,treatment,week,treatment_week,rootweight[mg],total_QD[nmol/mg root],core_QD[nmol/mg root],stable_QD[nmol/mg root],treated_QD[nmol/mg root],stable&treated_QD[nmol/mg root],ratio_QD_stable/treated[nmol/mg root],total_QD[nmol/ root],core_QD[nmol/ root],stable_QD[nmol/ root],treated_QD[nmol/ root],stable_treated_QD[nmol/ root],ratio_QD_stable&treated[nmol/ root],extraradical_hyphae_core[log(copy#)],extraradical_hyphae_stable[log(copy#)],extraradical_hyphae_treated[log(copy#)],extraradical_hyphae_core[copy#],extraradical_hyphae_stable[copy#],extraradical_hyphae_treated[copy#],extraradical_hyphae_total[copy#],extraradical_hyphae_stable&treated[copy#],extraradical_hyphae_total[log(copy#)],extraradical_hyphae_stable&treated[log(copy#)],extraradical_hyphae_core[mg],extraradical_hyphae_treated[mg],extraradical_hyphae_stable[mg],extraradical_hyphae_total[mg],extraradical_hyphae_stable&treated[mg],C:P_total[mg/ mg root] ,C:P_core[mg/ mg root] ,C:P_treated[mg/ mg root] ,C:P_stable[mg/ mg root] ,C:P_stable&treated[mg/ mg root] 
21,control,2,control_2,51.27,0.00116517,0.000189727,0.00055567,0.000419774,0.000975444,0.755437607,0.05973829,0.009727289,0.028489193,0.021521808,0.050011,0.755437607,6.417807319,5.61439435,6.543840423,2617021.674,411523.2249,3498166.068,6526710.967,3909689.293,6.814694381,6.592142245,0.065425542,0.087454152,0.010288081,0.163167774,0.097742232,127300.7795,51043.91796,8026.589134,68230.27244,7.893076703
22,control,2,control_2,55.66,0.002384121,0.000471255,0.000974278,0.000938587,0.001912866,0.963366761,0.132700173,0.02623007,0.054228331,0.052241772,0.106470103,0.963366761,6.544279421,6.081206259,5.542740742,3501703.912,1205608.382,348931.9535,5056244.248,1554540.336,6.703828045,6.191601995,0.087542598,0.008723299,0.03014021,0.126406106,0.038863508,90841.61422,62912.39511,21660.22964,6268.989463,7.164374322
23,control,2,control_2,53.31,0.000482756,0.000244625,0.000121839,0.000116292,0.000238131,0.954473093,0.025735706,0.01304096,0.006495226,0.006199519,0.012694745,0.954473093,5.881841965,3.514276698,6.049958853,761801.749,3267.959741,1121912.154,1886981.863,1125180.114,6.275767726,6.051222048,0.019045044,0.028047804,8.1699E-05,0.047174547,0.028129503,35396.39585,14290.03468,61.30106436,21045.0601,7.947598061
25,control,2,control_2,58.39,0.002698087,0.000780007,0.001284955,0.000633125,0.001918081,0.49272184,0.157541324,0.045544596,0.075028532,0.036968196,0.111996728,0.49272184,5.611666385,6.011191913,6.650023977,408946.3959,1026105.257,4467082.54,5902134.193,5493187.797,6.77100908,6.739824447,0.01022366,0.111677064,0.025652631,0.147553355,0.137329695,101081.2501,7003.706044,17573.30462,76504.23942,7.69061911
26,control,2,control_2,56.14,0.00160883,0.000398886,0.000611223,0.000598721,0.001209944,0.979545747,0.09031973,0.022393468,0.034314065,0.033612197,0.067926262,0.979545747,6.227546532,5.182307742,4.259180943,1688676.783,152162.5375,18162.72229,1859002.043,170325.2598,6.269279867,5.23127906,0.04221692,0.000454068,0.003804063,0.046475051,0.004258131,33113.68085,30079.7432,2710.412139,323.5255128,6.399241344
27,control,2,control_2,53.58,0.002823165,0.000833281,0.00105152,0.000938365,0.001989884,0.892388799,0.151265201,0.044647199,0.056340432,0.05027757,0.106618002,0.892388799,6.122543942,4.413693116,5.029501323,1326001.277,25923.46895,107028.9644,1458953.71,132952.4334,6.164041513,5.12369629,0.033150032,0.002675724,0.000648087,0.036473843,0.003323811,27229.44588,24748.06415,483.8273414,1997.554393,6.095865751
28,control,2,control_2,67.86,0.001496461,0.000468638,0.000318507,0.000709316,0.001027823,2.227001429,0.101549815,0.031801768,0.021613888,0.048134159,0.069748047,2.227001429,6.484028572,5.2696197,5.73535323,3048095.516,186045.7272,543692.3592,3777833.602,729738.0864,6.577242825,5.863167013,0.076202388,0.013592309,0.004651143,0.09444584,0.018243452,55670.99326,44917.41108,2741.61107,8011.971105,7.019634962
29,control,2,control_2,45.49,0.002442392,0.000598608,0.000896864,0.000946921,0.001843784,1.05581313,0.111104412,0.027230667,0.040798331,0.043075414,0.083873745,1.05581313,4.815435927,5.693011071,3.360255136,65378.64674,493186.3764,2292.213871,560857.237,495478.5903,5.748852328,5.695024893,0.001634466,5.73053E-05,0.012329659,0.014021431,0.012386965,12329.24241,1437.209205,10841.6438,50.38940143,6.771398856
32,control,2,control_2,61.95,0.002512986,0.00069327,0.000795685,0.001024031,0.001819716,1.286979513,0.155679476,0.042948087,0.049292697,0.063438692,0.112731389,1.286979513,6.400184175,4.385118762,5.733176822,2512951.896,24272.73764,540974.5345,3078199.168,565247.2721,6.488296716,5.752238475,0.062823797,0.013524363,0.000606818,0.076954979,0.014131182,49688.44501,40564.19525,391.8117456,8732.438006,6.700193616
34,control,2,control_2,52.57,0.002295061,0.000871522,0.000640476,0.000783063,0.001423539,1.222626562,0.120651335,0.045815903,0.033669818,0.041165614,0.074835432,1.222626562,6.833429591,4.932223199,4.856799105,6814430.89,85550.62734,71911.62541,6971893.143,157462.2528,6.843350722,5.19717646,0.170360772,0.001797791,0.002138766,0.174297329,0.003936556,132621.1364,129625.8492,1627.365938,1367.921351,6.323069191
35,control,2,control_2,72.46,0.002718432,0.001478657,0.001005025,0.00023475,0.001239775,0.233576295,0.196977595,0.107143487,0.072824119,0.017009988,0.089834107,0.233576295,6.683767928,5.470534581,5.883350046,4828007.406,295484.416,764451.6918,5887943.514,1059936.108,6.769963635,6.025279687,0.120700185,0.019111292,0.00738711,0.147198588,0.026498403,81257.8459,66629.96696,4077.896991,10549.98195,7.071838431
36,control,2,control_2,48.79,0.002904387,0.000624376,0.001053352,0.001226659,0.002280011,1.164528963,0.141705024,0.030463287,0.051393046,0.059848691,0.111241737,1.164528963,6.131798076,4.789319451,3.566113089,1354559.467,61562.954,3682.248458,1419804.669,65245.20246,6.1522286,4.814548583,0.033863987,9.20562E-05,0.001539074,0.035495117,0.00163113,29100.32116,27763.05528,1261.794507,75.47137647,5.768280821
38,control,2,control_2,59.22,0.00272764,0.000864219,0.001108959,0.000754462,0.001863421,0.680333683,0.161530825,0.051179044,0.06567254,0.044679241,0.110351781,0.680333683,6.420133996,4.827659648,4.651012282,2631079.65,67244.94579,44772.59659,2743097.192,112017.5424,6.438241196,5.04928604,0.065776991,0.001119315,0.001681124,0.06857743,0.002800439,46320.45242,44428.90324,1135.510736,756.0384429,6.006506692
39,control,2,control_2,46.21,0.001787758,0.000531543,0.000637875,0.00061834,0.001256215,0.96937546,0.082612314,0.024562601,0.029476204,0.028573509,0.058049713,0.96937546,6.410409244,4.438671263,4.016585595,2572819.058,27458.14938,10389.28345,2610666.491,37847.43283,6.416751395,4.578036427,0.064320476,0.000259732,0.000686454,0.065266662,0.000946186,56495.70419,55676.67297,594.2036222,224.8276012,5.814236348
92,crash,2,crash_2,56.23,0.002349521,0.000878845,0.000800914,0.000669762,0.001470676,0.836247735,0.132113562,0.049417452,0.045035378,0.037660733,0.08269611,0.836247735,7.00864145,6.401610003,4.913288238,10200969.52,2521215.703,81900.81778,12804086.04,2603116.521,7.107348584,6.415493608,0.255024238,0.00204752,0.063030393,0.320102151,0.065077913,227709.1595,181415.0724,44837.55474,1456.532417,7.498008526
93,crash,2,crash_2,64.7,0.001912864,0.000461414,0.000647046,0.000804404,0.00145145,1.243194286,0.123762311,0.029853517,0.04186387,0.052044924,0.093908795,1.243194286,7.025158564,5.148363202,5.655091244,10596405.38,140722.39,451950.888,11189078.66,592673.278,7.048794327,5.772815347,0.264910135,0.011298772,0.00351806,0.279726966,0.014816832,172937.8463,163777.5175,2174.9983,6985.330572,6.80010908
94,crash,2,crash_2,55.21,0.003027846,0.001493655,0.000901347,0.000632844,0.00153419,0.702109298,0.167167358,0.082464707,0.049763344,0.034939307,0.084702651,0.702109298,7.334784568,6.285429486,5.584643525,21616459.72,1929432.04,384276.2335,23930167.99,2313708.274,7.378945747,6.3643086,0.540411493,0.009606906,0.048235801,0.5982542,0.057842707,433439.0146,391531.6015,34947.14798,6960.265052,7.436411597
95,crash,2,crash_2,59.71,0.002586935,0.000961706,0.001075986,0.000549242,0.001625229,0.51045492,0.154465888,0.05742349,0.064247133,0.032795265,0.097042397,0.51045492,7.062171004,6.176098889,4.595983351,11539075.22,1500026.354,39444.21808,13078545.79,1539470.572,7.116559457,6.187371392,0.288476881,0.000986105,0.037500659,0.326963645,0.038486764,219034.4296,193251.9715,25121.86156,660.5965178,7.200409875
96,crash,2,crash_2,46.25,0.002139303,0.000849941,0.000823173,0.000466189,0.001289362,0.56633164,0.098942769,0.03930976,0.038071764,0.021561245,0.059633009,0.56633164,7.285751325,5.229367145,6.421089813,19308623.96,169577.077,2636876.639,22115077.68,2806453.716,7.344688469,6.448157884,0.482715599,0.065921916,0.004239427,0.552876942,0.070161343,478163.8416,417483.7613,3666.531395,57013.54895,7.672671161
98,crash,2,crash_2,65.82,0.001322501,0.000611129,0.000419288,0.000292084,0.000711373,0.696618839,0.087047048,0.040224509,0.027597559,0.01922498,0.046822539,0.696618839,7.166006867,6.774838048,6.554459346,14655710.15,5954400.578,3584753.9,24194864.63,9539154.478,7.383723197,6.979509882,0.366392754,0.089618848,0.148860014,0.604871616,0.238478862,367591.3799,222663.4784,90464.91307,54462.98845,8.309054922
99,crash,2,crash_2,51.6,0.001569455,0.000269276,0.000701429,0.00059875,0.001300179,0.853613912,0.080983876,0.013894637,0.03619375,0.030895489,0.067089239,0.853613912,7.484489074,6.293000045,6.519162342,30513292.62,1963360.478,3304930.587,35781583.69,5268291.065,7.553659558,6.721669761,0.762832316,0.082623265,0.049084012,0.894539592,0.131707277,693441.5443,591342.8802,38049.62167,64049.04238,7.895016895
100,crash,2,crash_2,47.99,0.001718473,0.000611399,0.000764826,0.000342247,0.001107074,0.447484017,0.082469507,0.029341048,0.036704004,0.016424455,0.053128459,0.447484017,6.688118887,4.092754062,5.208370387,4876619.685,12380.95262,161573.5946,5050574.232,173954.5472,6.703340759,5.240435786,0.121915492,0.00403934,0.000309524,0.126264356,0.004348864,105242.222,101617.4137,257.9902609,3366.817975,6.515108564
101,crash,2,crash_2,31.88,0.003046045,0.001453817,0.000948203,0.000644026,0.001592228,0.679206911,0.097107919,0.046347681,0.030228697,0.02053154,0.050760238,0.679206911,5.53954704,3.567904218,4.030936923,346375.4001,3697.46625,10738.33438,360811.2007,14435.80063,5.557280011,4.159440875,0.008659385,0.000268458,9.24367E-05,0.00902028,0.000360895,11317.79174,10864.97491,115.9807481,336.8360847,5.45391723
102,crash,2,crash_2,49.71,0.002260362,0.000899147,0.000872853,0.000488362,0.001361215,0.559501584,0.11236258,0.044696575,0.043389507,0.024276498,0.067666005,0.559501584,6.784227481,6.298521064,5.542562776,6084536.218,1988479.252,348788.9969,8421804.467,2337268.249,6.925405154,6.368708559,0.152113405,0.008719725,0.049711981,0.210545112,0.058431706,169418.7179,122400.6481,40001.59429,7016.475496,7.538338021
105,crash,2,crash_2,57.29,0.002535837,0.000888623,0.000862995,0.000784219,0.001647214,0.908718588,0.145278118,0.050909216,0.049440972,0.04492793,0.094368902,0.908718588,5.801805127,3.364316028,4.240020681,633585.35,2313.747847,17378.83583,653277.9337,19692.58368,5.815097989,4.2943027,0.015839634,0.000434471,5.78437E-05,0.016331948,0.000492315,11403.00111,11059.26602,40.38659185,303.3485046,5.319473797
107,crash,2,crash_2,64.28,0.001658647,0.000766224,0.000431213,0.00046121,0.000892423,1.069563859,0.10661783,0.049252892,0.027718371,0.029646568,0.057364939,1.069563859,7.590311432,6.310809955,5.931874428,38932422.91,2045549.321,854819.5148,41832791.75,2900368.836,7.621516849,6.46245323,0.973310573,0.021370488,0.051138733,1.045819794,0.072509221,650790.1641,605669.3048,31822.48477,13298.37453,7.703806697
109,crash,2,crash_2,64.61,0.003641023,0.00177185,0.000823382,0.001045791,0.001869173,1.270115792,0.235246504,0.114479239,0.053198725,0.06756854,0.120767265,1.270115792,7.149212231,6.52665534,6.21502861,14099776.57,3362446.171,1640697.854,19102920.6,5003144.025,7.28109977,6.699243005,0.352494414,0.041017446,0.084061154,0.477573015,0.125078601,295665.0765,218229.0136,52042.19426,25393.86866,7.617293775
110,crash,2,crash_2,54.19,0.002634065,0.001247729,0.000938876,0.00044746,0.001386337,0.476591097,0.142740002,0.06761442,0.050877716,0.024247866,0.075125582,0.476591097,6.927486355,6.418625457,4.237106477,8462259.81,2621956.346,17262.61071,11101478.77,2639218.957,7.045380833,6.421475422,0.211556495,0.000431565,0.065548909,0.277536969,0.065980474,204862.1289,156159.0664,48384.50537,318.557127,7.545687572
161,extra,2,extra_2,56.6,0.001739864,0.000488782,0.000426501,0.000824581,0.001251082,1.933363974,0.098476316,0.027665086,0.02413994,0.04667129,0.07081123,1.933363974,5.090770479,7.033325492,5.58886384,123245.3319,10797556.67,388028.6925,11308830.69,11185585.36,7.053417702,7.048658716,0.003081133,0.009700717,0.269938917,0.282720767,0.279639634,199802.6624,2177.479362,190769.5525,6855.63061,8.198556579
162,extra,2,extra_2,33.8,0.005578782,0.002598291,0.001128894,0.001851597,0.002980491,1.640187359,0.188562821,0.087822239,0.038156603,0.062583978,0.100740582,1.640187359,6.017513138,5.61229552,4.932306259,1041149.604,409539.2404,85566.99087,1536255.835,495106.2313,6.186463546,5.694698392,0.02602874,0.002139175,0.010238481,0.038406396,0.012377656,45451.35607,30803.24272,12116.54557,2531.567777,6.691493938
164,extra,2,extra_2,46.89,0.001836562,0.000841412,0.000607393,0.000387757,0.00099515,0.638395097,0.086116386,0.039453807,0.028480663,0.018181916,0.046662579,0.638395097,6.415230081,4.503877399,5.32331109,2601537.441,31906.37014,210528.5939,2843972.405,242434.964,6.453925378,5.384595254,0.065038436,0.005263215,0.000797659,0.07109931,0.006060874,60652.00267,55481.71126,680.4514852,4489.839921,6.715626513
165,extra,2,extra_2,44.61,0.002448601,0.000705732,0.000773351,0.000969518,0.001742869,1.253659579,0.109232082,0.031482696,0.03449917,0.043250215,0.077749385,1.253659579,7.264475682,6.544246749,5.941582232,18385510.02,3501440.482,874142.4923,22761092.99,4375582.974,7.357193113,6.641035924,0.459637751,0.021853562,0.087536012,0.569027325,0.109389574,510224.0079,412138.7586,78490.03546,19595.2139,7.750338959
166,extra,2,extra_2,66.82,0.001170082,0.000353381,0.00051608,0.000300621,0.000816701,0.582508892,0.078184848,0.023612887,0.034484457,0.020087503,0.05457196,0.582508892,7.474551571,6.068408033,6.589806063,29823016.65,1170598.689,3888714.534,34882329.87,5059313.223,7.542605485,6.704091567,0.745575416,0.097217863,0.029264967,0.872058247,0.126482831,522034.2693,446318.7167,17518.68735,58196.86522,7.967122013
167,extra,2,extra_2,67.04,0.001450741,0.000381088,0.000847209,0.000222444,0.001069653,0.262560685,0.09725768,0.025548145,0.056796901,0.014912633,0.071709535,0.262560685,4.506785515,3.39946423,3.400623771,32120.73802,2508.789536,2515.496812,37145.02437,5024.286348,4.569900648,3.701074383,0.000803018,6.28874E-05,6.27197E-05,0.000928626,0.000125607,554.0725592,479.1279538,37.42227828,37.52232715,4.845497478
168,extra,2,extra_2,59.74,0.001939775,0.000920813,0.000722357,0.000296605,0.001018962,0.410607509,0.11588217,0.055009398,0.043153586,0.017719186,0.060872772,0.410607509,6.47005303,5.967044653,4.443747442,2951569.608,926925.1229,27780.97236,3906275.703,954706.0953,6.591762892,5.979869695,0.07378924,0.000694524,0.023173128,0.097656893,0.023867652,65387.94281,49406.92347,15515.988,465.0313418,7.195446616
169,extra,2,extra_2,56.58,0.003849898,0.000697511,0.001336653,0.001815735,0.003152387,1.358418996,0.217827229,0.039465152,0.075627816,0.102734261,0.178362077,1.358418996,7.156981674,6.599568413,5.04137435,14354288.62,3977117.419,109995.3561,18441401.4,4087112.775,7.265793921,6.611416621,0.358857216,0.002749884,0.099427935,0.461035035,0.102177819,325934.984,253698.9859,70291.93035,1944.0678,7.3601141
171,extra,2,extra_2,60.58,0.002282819,0.00107718,0.000746479,0.00045916,0.001205639,0.615100729,0.138293205,0.065255577,0.045221717,0.027815911,0.073037628,0.615100729,6.761031931,5.870775704,6.133578797,5768088.709,742635.4973,1360124.918,7870849.124,2102760.415,6.896021588,6.322789793,0.144202218,0.034003123,0.018565887,0.196771228,0.05256901,129924.8782,95214.40589,12258.75697,22451.71538,7.459243133
173,extra,2,extra_2,57.84,0.002225118,0.001023393,0.000818324,0.000383402,0.001201726,0.468520551,0.128700846,0.059193028,0.047331866,0.022175952,0.069507818,0.468520551,7.014611033,4.602285481,4.020147134,10342154.78,40020.77372,10474.83363,10392650.39,50495.60735,7.016726318,4.7032536,0.25855387,0.000261871,0.001000519,0.25981626,0.00126239,179679.2944,178806.2721,691.9220906,181.1001665,5.861219943
174,extra,2,extra_2,48.61,0.003087058,0.00117307,0.001245033,0.000668955,0.001913988,0.537299292,0.1500619,0.057022937,0.060521047,0.032517916,0.093038963,0.537299292,6.811528534,3.606800757,3.333940009,6479306.637,4043.903253,2157.446369,6485507.987,6201.349622,6.811943998,3.792486217,0.161982666,5.39362E-05,0.000101098,0.1621377,0.000155034,133419.2139,133291.6403,83.19076842,44.38276834,4.823821356
175,extra,2,extra_2,42.71,0.002378759,0.000667159,0.000731093,0.000980508,0.001711601,1.341152805,0.10159681,0.028494347,0.031224986,0.041877477,0.073102463,1.341152805,7.069097143,6.329293364,5.901575311,11724575.92,2134486.263,797214.7235,14656276.91,2931700.987,7.166023662,6.467119673,0.293114398,0.019930368,0.053362157,0.366406923,0.073292525,343157.9702,274515.9429,49976.26465,18665.76267,7.603187663
177,extra,2,extra_2,57.23,0.001871098,0.000771801,0.000635134,0.000464163,0.001099297,0.730810713,0.107082961,0.044170167,0.036348743,0.026564051,0.062912794,0.730810713,6.799565469,4.610252269,6.536341443,6303263.593,40761.6982,3438281.599,9782306.89,3479043.297,6.990441283,6.541459834,0.15758159,0.08595704,0.001019042,0.244557672,0.086976082,170929.7028,110139.1507,712.2435471,60078.30856,7.742720859
178,extra,2,extra_2,56.13,0.002539879,0.000959774,0.000806699,0.000773406,0.001580105,0.958730317,0.142563387,0.053872095,0.045279991,0.0434113,0.088691292,0.958730317,7.061411732,5.797265425,6.061868451,11518919.21,626996.9452,1153103.927,13299020.08,1780100.872,7.123819642,6.250444613,0.28797298,0.028827598,0.015674924,0.332475502,0.044502522,236932.4796,205218.5856,11170.44264,20543.4514,7.302563633
179,extra,2,extra_2,45.79,0.00368679,0.001346963,0.00112297,0.001216856,0.002339826,1.083604558,0.168818102,0.061677455,0.051420816,0.055719831,0.107140647,1.083604558,6.87086358,4.065834067,4.383165757,7427857.792,11636.81332,24163.82916,7463658.434,35800.64248,6.872951756,4.553890821,0.185696445,0.000604096,0.00029092,0.186591461,0.000895016,162997.5635,162215.7194,254.1343813,527.7097436,5.523936554
180,extra,2,extra_2,54.17,0.0018858,0.00082665,0.000715125,0.000344025,0.00105915,0.481069918,0.102153782,0.044779614,0.038738325,0.018635843,0.057374167,0.481069918,7.299545595,4.335125105,5.119082015,19931757.51,21633.41615,131547.3231,20084938.25,153180.7393,7.302870501,5.185204161,0.498293938,0.003288683,0.000540835,0.502123456,0.003829518,370776.043,367948.2649,399.3615682,2428.416524,6.426487764
41,control,3,control_3,68.1,0.001962471,0.00058607,0.000743048,0.000633353,0.001376401,0.852371655,0.133644257,0.039911342,0.050601571,0.043131345,0.093732916,0.852371655,6.266312548,4.245969592,4.431162546,1846343.695,17618.52682,26987.49321,1890949.715,44606.02003,6.27667998,4.649393475,0.046158592,0.000674687,0.000440463,0.047273743,0.001115151,27767.24985,27112.24222,258.7155186,396.2921176,5.677501348
43,control,3,control_3,49.82,0.002783485,0.000684774,0.001085706,0.001013005,0.002098711,0.933037961,0.138673232,0.034115454,0.054089873,0.050467905,0.104557778,0.933037961,7.49666032,5.389910293,4.092038241,31380533.33,245420.1931,12360.56268,31638314.09,257780.7558,7.500213333,5.411250493,0.784513333,0.000309014,0.006135505,0.790957852,0.006444519,635052.4706,629878.2282,4926.137959,248.1044295,6.391894147
45,control,3,control_3,59.05,0.002045783,0.000734153,0.000590373,0.000721257,0.00131163,1.221698026,0.120803466,0.043351722,0.034861508,0.042590236,0.077451744,1.221698026,6.972618247,6.02558985,5.499937688,9388976.388,1060693.359,316182.3975,10765852.14,1376875.757,7.032048411,6.138894753,0.23472441,0.00790456,0.026517334,0.269146304,0.034421894,182317.5638,159000.4469,17962.63097,5354.485986,7.249863549
48,control,3,control_3,64.28,0.003614394,0.000348787,0.00113172,0.002133887,0.003265607,1.885525136,0.232333265,0.022420051,0.072746971,0.137166242,0.209913213,1.885525136,7.197687987,5.344496701,6.010534554,15764782.64,221053.1463,1024553.295,17010389.08,1245606.441,7.230714247,6.095380845,0.394119566,0.025613832,0.005526329,0.425259727,0.031140161,264629.575,245251.7523,3438.910179,15938.91249,6.773341068
49,control,3,control_3,73.48,0.000443449,0.000128097,4.32E-05,0.000272132,0.000315352,6.296512747,0.032584635,0.009412573,0.003175772,0.01999629,0.023172062,6.296512747,6.402748604,3.333940009,6.316844018,2527834.309,2157.446369,2074168.42,4604160.175,2076325.866,6.663150424,6.317295514,0.063195858,0.051854211,5.39362E-05,0.115104004,0.051908147,62658.68502,34401.66452,29.36100121,28227.6595,7.952330829
50,control,3,control_3,62.25,0.00309158,0.000748739,0.001147919,0.001194922,0.002342841,1.040946782,0.192450874,0.046609002,0.07145795,0.074383923,0.145841872,1.040946782,6.978849181,5.823356121,5.992543932,9524653.398,665818.9029,982978.3028,11173450.6,1648797.206,7.048187313,6.217167243,0.238116335,0.024574458,0.016645473,0.279336265,0.04121993,179493.1824,153006.4803,10695.88599,15790.81611,7.053285012
55,control,3,control_3,72.36,0.002537766,0.001240937,0.000749982,0.000546847,0.001296829,0.729145803,0.183632769,0.089794229,0.054268726,0.039569814,0.093838541,0.729145803,6.758333023,6.188936957,4.788944952,5732354.275,1545030.144,61509.89017,7338894.309,1606540.034,6.865630633,6.205891552,0.143308857,0.001537747,0.038625754,0.183472358,0.040163501,101421.9777,79219.93194,21351.99204,850.0537613,7.233510307
56,control,3,control_3,58.48,0.002149157,0.000627909,0.000672266,0.000848982,0.001521248,1.262867018,0.125682676,0.036720114,0.039314092,0.04964847,0.088962563,1.262867018,6.920587328,5.329524168,3.333940009,8328893.859,213562.093,2157.446369,8544613.398,215719.5394,6.931692418,5.333889484,0.208222346,5.39362E-05,0.005339052,0.213615335,0.005392988,146111.7202,142422.9456,3651.882575,36.89203777,6.3846822
57,control,3,control_3,67.54,0.002690216,0.001118383,0.000803126,0.000768707,0.001571833,0.957143371,0.181697215,0.075535616,0.054243139,0.051918461,0.106161599,0.957143371,6.171714778,5.282437438,4.520353699,1484960.078,191618.501,33140.09121,1709718.67,224758.5922,6.232924654,5.351716303,0.037124002,0.000828502,0.004790463,0.042742967,0.005618965,25314.1645,21986.3796,2837.111356,490.6735447,6.325748851
58,control,3,control_3,58.21,0.00179112,0.000457985,0.000992672,0.000340463,0.001333135,0.342975952,0.104261067,0.026659288,0.057783446,0.019818333,0.077601779,0.342975952,6.39614512,5.986372975,5.006140174,2489689.114,969109.776,101423.8692,3560222.759,1070533.645,6.551477172,6.029600321,0.062242228,0.002535597,0.024227744,0.089005569,0.026763341,61161.70347,42770.81453,16648.51015,1742.378787,7.139728644
59,control,3,control_3,51.72,0.002061204,0.000381521,0.000841999,0.000837684,0.001679683,0.994874407,0.106605446,0.019732244,0.043548207,0.043324996,0.086873203,0.994874407,6.708833463,4.271281868,5.039304659,5114856.607,18675.91412,109472.405,5243004.926,128148.3191,6.719580266,5.107712914,0.127871415,0.00273681,0.000466898,0.131075123,0.003203708,101372.8717,98895.13935,361.0965607,2116.635828,6.168827081
60,control,3,control_3,69.87,0.002409679,0.000920432,0.000817835,0.000671412,0.001489247,0.820963725,0.168364239,0.064310549,0.057142099,0.046911591,0.10405369,0.820963725,6.860763796,4.244798885,5.67242658,7257111.503,17571.09736,470355.8828,7745038.483,487926.9802,6.88902358,5.688354833,0.181427788,0.011758897,0.000439277,0.193625962,0.012198175,110849.2698,103865.9153,251.4827159,6731.871802,6.671097347
62,control,3,control_3,50.48,0.002811508,0.000788198,0.001049738,0.000973572,0.00202331,0.927442867,0.141924927,0.039788228,0.052990779,0.04914592,0.102136699,0.927442867,6.39773047,5.410663247,5.025057399,2498794.089,257432.4243,105939.3732,2862165.887,363371.7975,6.456694801,5.560351217,0.062469852,0.002648484,0.006435811,0.071554147,0.009084295,56699.00726,49500.6753,5099.691448,2098.640515,6.551169398
63,control,3,control_3,57.54,0.0022361,0.000381804,0.000989933,0.000864363,0.001854296,0.873153304,0.128665178,0.021969007,0.056960725,0.049735445,0.106696171,0.873153304,6.528957219,5.130448328,5.165669869,3380315.364,135035.6154,146443.4222,3661794.402,281479.0376,6.563693956,5.449446057,0.084507884,0.003661086,0.00337589,0.09154486,0.007036976,63639.11021,58747.22565,2346.81292,2545.071641,6.421297224
112,crash,3,crash_3,53.6,0.001835128,0.000815135,0.000576054,0.000443939,0.001019992,0.77065506,0.098362837,0.04369124,0.030876481,0.023795116,0.054671597,0.77065506,5.729825435,4.161407983,4.096186881,536815.979,14501.33492,12479.20392,563796.5178,26980.53884,5.751122389,4.431050619,0.013420399,0.00031198,0.000362533,0.014094913,0.000674513,10518.59175,10015.22349,270.5472933,232.8209687,5.69328886
113,crash,3,crash_3,62.99,0.002276061,0.000956427,0.000825198,0.000494436,0.001319634,0.599172553,0.143369112,0.060245344,0.051979236,0.031144532,0.083123768,0.599172553,6.581001932,5.339083968,4.577524305,3810675.186,218315.1971,37802.82928,4066793.212,256118.0264,6.60925209,5.408440147,0.09526688,0.000945071,0.00545788,0.10166983,0.006402951,64562.52123,60496.51033,3465.870727,600.1401696,6.488714925
114,crash,3,crash_3,67.95,0.003199981,0.001411089,0.001208279,0.000580613,0.001788892,0.480528803,0.217438708,0.095883528,0.082102544,0.039452637,0.121555181,0.480528803,6.526410935,3.839694493,5.056819298,3360554.435,6913.4447,113977.5449,3481445.425,120890.9896,6.541759592,5.082393933,0.084013861,0.002849439,0.000172836,0.087036136,0.003022275,51235.39992,49456.28308,101.7431155,1677.373729,5.997620459
115,crash,3,crash_3,61.21,0.00350694,0.000932031,0.001362355,0.001212554,0.002574909,0.890043103,0.214659802,0.057049632,0.083389723,0.074220448,0.157610171,0.890043103,6.898905741,4.890095239,5.903267932,7923293.458,77641.73629,800327.8538,8801263.048,877969.5901,6.944545001,5.943479474,0.198082336,0.020008196,0.001941043,0.220031576,0.02194924,143787.9929,129444.4283,1268.448559,13075.11606,6.745895235
116,crash,3,crash_3,73.83,0.002524474,0.00096613,0.001322994,0.00023535,0.001558344,0.177892209,0.186381917,0.071329366,0.097676638,0.017375913,0.115052551,0.177892209,7.067733483,5.703091582,4.774424835,11687819.15,504767.7299,59487.37904,12252074.26,564255.1089,7.08820962,5.7514755,0.292195479,0.001487184,0.012619193,0.306301856,0.014106378,165949.8071,158307.1807,6836.891913,805.7345123,6.690579246
117,crash,3,crash_3,60.4,0.003510285,0.001698682,0.001173233,0.00063837,0.001811603,0.544111741,0.212021199,0.102600369,0.070863285,0.038557545,0.10942083,0.544111741,6.30706884,4.571352856,4.333661165,2028004.154,37269.43901,21560.61601,2086834.209,58830.05502,6.319487947,4.769599255,0.050700104,0.000539015,0.000931736,0.052170855,0.001470751,34550.23525,33576.22772,617.0436922,356.9638412,5.73049925
118,crash,3,crash_3,58.26,0.002349406,0.000705427,0.000835144,0.000808835,0.001643979,0.96849859,0.136876406,0.041098197,0.048655462,0.047122747,0.095778209,0.96849859,6.792574633,5.844695493,5.756351257,6202612.251,699351.4711,570625.6071,7472589.329,1269977.078,6.873471115,6.103795882,0.155065306,0.01426564,0.017483787,0.186814733,0.031749427,128262.776,106464.3366,12003.97307,9794.466308,7.12252917
119,crash,3,crash_3,53.83,0.001094563,0.000202333,0.000498212,0.000394018,0.000892229,0.790864456,0.058920315,0.010891604,0.02681873,0.021209981,0.048028711,0.790864456,7.28540031,4.815057929,5.136702828,19293024.23,65321.76776,136994.4041,19495340.4,202316.1719,7.289930823,5.306030599,0.482325606,0.00342486,0.001633044,0.48738351,0.005057904,362164.9712,358406.5434,1213.482589,2544.945274,6.62452967
121,crash,3,crash_3,42.98,0.003157177,0.000942529,0.000712821,0.001501826,0.002214648,2.10687583,0.135695448,0.040509888,0.030637066,0.064548494,0.09518556,2.10687583,7.351166628,4.804660331,5.306564396,22447430.13,63776.44844,202564.9943,22713771.57,266341.4427,7.356289254,5.425438748,0.561185753,0.005064125,0.001594411,0.567844289,0.006658536,528473.0473,522276.178,1483.863389,4713.005917,6.446867678
122,crash,3,crash_3,51.09,0.001051501,0.00045456,0.000341681,0.00025526,0.000596941,0.747071848,0.05372118,0.023223476,0.017456468,0.013041236,0.030497704,0.747071848,6.648436454,4.321092365,4.339138212,4450783.341,20945.57874,21834.24667,4493563.166,42779.82541,6.652590851,4.631239008,0.111269584,0.000545856,0.000523639,0.112339079,0.001069496,87953.86898,87116.52654,409.9741386,427.3683044,6.146971868
123,crash,3,crash_3,56.31,0.002593223,0.001149403,0.000948361,0.000495458,0.001443819,0.522435438,0.146024361,0.064722906,0.053402235,0.02789922,0.081301454,0.522435438,7.0539479,6.415344802,5.947755162,11322645.22,2602224.742,886656.009,14811525.97,3488880.751,7.170599804,6.542686126,0.283066131,0.0221664,0.065055619,0.370288149,0.087222019,263035.4461,201076.9885,46212.47988,15745.97778,7.632587811
124,crash,3,crash_3,63.64,0.001526339,0.00065586,0.000668532,0.000201947,0.000870479,0.302075127,0.097136228,0.041738929,0.042545393,0.012851905,0.055397299,0.302075127,6.888487303,5.864097111,5.628365787,7735480.622,731302.5896,424977.3527,8891760.564,1156279.942,6.94898776,6.063062992,0.193387016,0.010624434,0.018282565,0.222294014,0.028906999,139719.682,121550.6069,11491.24119,6677.833952,7.319574405
125,crash,3,crash_3,58.56,0.003582261,0.002048123,0.001172154,0.000361985,0.001534138,0.308819955,0.209777215,0.11993807,0.068641332,0.021197813,0.089839145,0.308819955,6.885498623,5.994918486,5.904773626,7682430.193,988367.5685,803107.3965,9473905.158,1791474.965,6.976529033,6.253210743,0.192060755,0.020077685,0.024709189,0.236847629,0.044786874,161781.1673,131189.0402,16877.86148,13714.26565,7.299745132
126,crash,3,crash_3,67.15,0.002592192,0.001081641,0.001017819,0.000492733,0.001510551,0.48410637,0.174065712,0.072632201,0.068346524,0.033086988,0.101433511,0.48410637,7.311123098,5.201567041,6.229920967,20470247.72,159062.2205,1697934.636,22327244.58,1856996.857,7.34883513,6.268811169,0.511756193,0.042448366,0.003976556,0.558181114,0.046424921,332498.0577,304843.5997,2368.759799,25285.69823,7.262629709
127,crash,3,crash_3,78.24,0.002858028,0.000768895,0.000842703,0.001246429,0.002089133,1.479084674,0.22361212,0.060158383,0.0659331,0.097520637,0.163453737,1.479084674,5.044911089,3.333940009,3.333940009,110894.7762,2157.446369,2157.446369,115209.6689,4314.892738,5.061488929,3.634970004,0.002772369,5.39362E-05,5.39362E-05,0.002880242,0.000107872,1472.516219,1417.366771,27.57472353,27.57472353,4.42157515
131,crash,3,crash_3,38.33,0.004742984,0.001815109,0.000878255,0.00204962,0.002927874,2.333741977,0.18179856,0.069573131,0.033663502,0.078561927,0.112225429,2.333741977,5.521593053,3.810202851,3.333940009,332347.9875,6459.558721,2157.446369,340964.9926,8617.00509,5.532709792,3.935356349,0.0083087,5.39362E-05,0.000161489,0.008524125,0.000215425,8895.51246,8670.701474,168.5248818,56.28610407,4.885265074
132,crash,3,crash_3,62.54,0.003613156,0.001999446,0.001019459,0.00059425,0.001613709,0.582906879,0.225966764,0.125045377,0.063756996,0.037164391,0.100921387,0.582906879,6.625533174,4.985232751,6.48292572,4222145.291,96656.87521,3040364.967,7359167.133,3137021.842,6.866828666,6.496517543,0.105553632,0.076009124,0.002416422,0.183979178,0.078425546,117671.3645,67511.11754,1545.52087,48614.72605,7.492534331
134,crash,3,crash_3,58.86,0.003426478,0.001531808,0.001293946,0.000600723,0.00189467,0.464256861,0.201682498,0.090162237,0.076161679,0.035358582,0.111520261,0.464256861,7.250312448,4.659786405,4.598789075,17795592.33,45686.34391,39699.86915,17880978.54,85386.21306,7.252391282,4.931387753,0.444889808,0.000992497,0.001142159,0.447024464,0.002134655,303788.2865,302337.6203,776.1866108,674.4795982,5.884033975
187,extra,3,extra_3,75.42,0.002576402,0.000870224,0.00083495,0.000871227,0.001706177,1.043448438,0.194312223,0.065632318,0.062971937,0.065707969,0.128679905,1.043448438,7.18235278,6.231083738,5.956940976,15217831.8,1702486.739,905609.5133,17825928.05,2608096.252,7.251052149,6.416323615,0.380445795,0.022640238,0.042562168,0.445648201,0.065202406,236355.4502,201774.4869,22573.41208,12007.55122,7.306812882
189,extra,3,extra_3,60.88,0.002386625,0.001038908,0.000981683,0.000366034,0.001347717,0.372863569,0.145297746,0.063248714,0.059764884,0.022284148,0.082049032,0.372863569,7.104280228,6.328055966,6.129362027,12713942.05,2128413.308,1346982.729,16189338.09,3475396.037,7.209229093,6.541004302,0.317848551,0.033674568,0.053210333,0.404733452,0.086884901,265922.1105,208836.1046,34960.79678,22125.20908,7.62693084
190,extra,3,extra_3,69.61,0.001319707,0.000395871,0.000505251,0.000418585,0.000923836,0.828468705,0.091864821,0.027556597,0.035170536,0.029137688,0.064308224,0.828468705,7.396197213,6.431579395,6.163760573,24899877.66,2701340.908,1458010.235,29059228.8,4159351.143,7.463284084,6.619025586,0.622496942,0.036450256,0.067533523,0.72648072,0.103983779,417457.6757,357705.4685,38806.79368,20945.41352,7.810759067
191,extra,3,extra_3,71.16,0.001373995,0.000608634,0.000419731,0.00034563,0.000765361,0.823457338,0.097773519,0.043310411,0.029868046,0.024595062,0.054463108,0.823457338,6.949343967,5.622834703,4.732899325,8899056.552,419599.25,54062.89841,9372718.7,473662.1484,6.971865583,5.67546868,0.222476414,0.001351572,0.010489981,0.234317968,0.011841554,131713.3038,125057.0061,5896.560568,759.7371896,6.939366256
192,extra,3,extra_3,71.18,0.001670194,0.000463213,0.000789251,0.000417729,0.00120698,0.529273124,0.11888438,0.032971532,0.056178878,0.02973397,0.085912848,0.529273124,6.635688336,3.617693308,5.957375043,4322035.566,4146.611115,906515.1012,5232697.278,910661.7123,6.718725611,5.959357078,0.108050889,0.022662878,0.000103665,0.130817432,0.022766543,73513.58919,60719.80284,58.255284,12735.53106,7.025298963
193,extra,3,extra_3,50.3,0.003779772,0.001142983,0.001383423,0.001253366,0.002636789,0.905989355,0.190122538,0.05749206,0.069586159,0.063044319,0.132630479,0.905989355,7.329605658,4.786455717,5.919570929,21360216.87,61158.34389,830942.4176,22252317.63,892100.7615,7.34737525,5.95041391,0.534005422,0.02077356,0.001528959,0.556307941,0.022302519,442392.0006,424656.399,1215.871648,16519.72997,6.827770574
194,extra,3,extra_3,64.16,0.001280762,0.000338821,0.000366219,0.000575722,0.000941941,1.57207201,0.082173665,0.02173875,0.023496587,0.036938327,0.060434915,1.57207201,6.425651595,5.334651313,4.774952036,2664720.083,216098.2815,59559.6361,2940378.001,275657.9176,6.468403165,5.440370471,0.066618002,0.001488991,0.005402457,0.07350945,0.006891448,45828.83417,41532.42025,3368.11536,928.2985676,6.659082557
195,extra,3,extra_3,61.01,0.002870178,0.000795847,0.001247737,0.000826594,0.002074331,0.662474181,0.175109542,0.048554617,0.076124445,0.050430479,0.126554924,0.662474181,5.482314477,5.267940441,3.690376549,303608.885,185327.7447,4902.036596,493838.6663,190229.7813,5.693585091,5.279278509,0.007590222,0.000122551,0.004633194,0.012345967,0.004755745,8094.388892,4976.379036,3037.661772,80.34808386,6.17699946
196,extra,3,extra_3,59.67,0.001622511,0.000580704,0.000786,0.000255807,0.001041807,0.325454391,0.096815224,0.034650598,0.046900615,0.015264011,0.062164627,0.325454391,6.762880548,5.849056768,4.817065397,5792693.475,706409.8847,65624.40768,6564727.767,772034.2924,6.817216721,5.887636591,0.144817337,0.00164061,0.017660247,0.164118194,0.019300857,110017.2242,97078.82479,11838.61044,1099.788967,7.094093262
197,extra,3,extra_3,57.94,0.003197106,0.000615268,0.001123861,0.001457978,0.002581839,1.297293867,0.185240345,0.03564861,0.065116499,0.084475235,0.149591734,1.297293867,7.11320285,4.672162859,5.937480507,12977852.99,47007.03508,865925.4566,13890785.48,912932.4917,7.142726804,5.960438664,0.324446325,0.021648136,0.001175176,0.347269637,0.022823312,239744.3128,223987.7975,811.3054035,14945.20981,6.785531067
199,extra,3,extra_3,58.79,0.003356471,0.001912184,0.00097158,0.000472708,0.001444288,0.486534845,0.197326949,0.112417269,0.0571192,0.027790481,0.08490968,0.486534845,6.669414537,6.424999804,6.751936122,4671050.22,2660723.861,5648538.877,12980312.96,8309262.738,7.113285164,6.919562492,0.116776256,0.141213472,0.066518097,0.324507824,0.207731568,220791.1713,79453.14203,45258.10276,96079.92647,7.990605285
200,extra,3,extra_3,54.91,0.001898549,0.00023588,0.000816241,0.000846428,0.001662669,1.03698353,0.104249345,0.012952177,0.044819787,0.046477381,0.091297168,1.03698353,6.684130813,6.056298363,3.696770391,4832043.252,1138409.11,4974.740034,5975427.102,1143383.85,6.776368953,6.058192054,0.120801081,0.000124369,0.028460228,0.149385678,0.028584596,108822.2018,87999.33076,20732.27299,90.59807019,7.097734746
202,extra,3,extra_3,49.36,0.002324256,0.001106619,0.00072281,0.000494828,0.001217637,0.684589436,0.114725277,0.054622697,0.03567788,0.0244247,0.06010258,0.684589436,4.633614715,3.333940009,3.333940009,43014.48378,2157.446369,2157.446369,47329.37652,4314.892738,4.675130783,3.634970004,0.001075362,5.39362E-05,5.39362E-05,0.001183234,0.000107872,958.8609505,871.4441609,43.70839483,43.70839483,4.856076889
204,extra,3,extra_3,55.03,0.00194574,0.000701396,0.000813158,0.000431186,0.001244345,0.530261125,0.107074084,0.0385978,0.044748104,0.02372818,0.068476285,0.530261125,6.813627156,5.665510818,3.333940009,6510692.084,462925.1948,2157.446369,6975774.725,465082.6412,6.843592447,5.66753013,0.162767302,5.39362E-05,0.01157313,0.174394368,0.011627066,126763.1242,118311.6861,8412.233233,39.20491312,6.831989942
205,extra,3,extra_3,60.38,0.003477504,0.001550264,0.001319751,0.000607489,0.00192724,0.460305966,0.209971682,0.093604944,0.079686546,0.036680192,0.116366738,0.460305966,6.814705798,4.711122052,4.564487294,6526882.554,51418.81362,36684.89613,6614986.264,88103.70975,6.820528947,4.944994195,0.163172064,0.000917122,0.00128547,0.165374657,0.002202593,109555.9169,108096.7631,851.5868437,607.5670111,5.879165336
206,extra,3,extra_3,47.95,0.002474813,0.001256138,0.000838358,0.000380317,0.001218674,0.453645015,0.11866726,0.06023183,0.040199244,0.018236187,0.058435431,0.453645015,6.254964624,3.481781462,4.960388662,1798724.39,3032.364906,91282.73891,1893039.494,94315.10382,6.277159675,4.974581247,0.04496811,0.002282068,7.58091E-05,0.047325987,0.002357878,39479.44721,37512.50031,63.24014403,1903.706755,6.207904999
207,extra,3,extra_3,62.76,0.002716509,0.001027947,0.000893488,0.000795074,0.001688562,0.889854541,0.170488112,0.064513954,0.056075299,0.049898859,0.105974159,0.889854541,6.648080461,5.262031039,3.37327279,4447136.51,182823.0873,2361.961367,4632321.559,185185.0487,6.665798699,5.26760592,0.111178413,5.9049E-05,0.004570577,0.115808039,0.004629626,73810.09494,70859.40902,2913.051104,37.63482102,6.242405943
65,control,4,control_4,57.26,0.002453843,0.000450493,0.000901417,0.001101933,0.00200335,1.222445065,0.140507057,0.025795209,0.051615156,0.063096693,0.114711848,1.222445065,7.064059867,6.386003708,5.968653157,11589371.03,2432224.774,930364.5564,14951960.36,3362589.33,7.174698137,6.526673831,0.289734276,0.023259114,0.060805619,0.373799009,0.084064733,261124.0021,202399.0749,42476.85599,16248.07119,7.467065553
66,control,4,control_4,61.15,0.002880948,0.001366444,0.001228053,0.000286451,0.001514504,0.233256307,0.176169944,0.083558028,0.075095432,0.017516483,0.092611916,0.233256307,5.96882182,4.966469448,6.142979274,930725.9445,92569.82606,1389886.3,2413182.071,1482456.126,6.38259009,6.170981849,0.023268149,0.034747158,0.002314246,0.060329552,0.037061403,39463.32086,15220.37522,1513.815635,22729.13001,7.204314981
67,control,4,control_4,54.61,0.003100645,0.001143332,0.000995687,0.000961626,0.001957313,0.965791066,0.169326248,0.062437382,0.05437448,0.052514387,0.106888866,0.965791066,6.500328395,4.860580028,5.598109062,3164669.741,72540.41366,396377.5622,3633587.717,468917.9759,6.560335649,5.671096882,0.079116744,0.009909439,0.00181351,0.090839693,0.011722949,66537.03931,57950.37065,1328.33572,7258.332946,6.642164411
68,control,4,control_4,67.1,0.002638674,0.001323372,0.001018587,0.000296714,0.001315302,0.291299878,0.177055021,0.088798266,0.068347219,0.019909536,0.088256755,0.291299878,6.301092108,5.60610716,5.189154394,2000286.058,403745.003,154580.3884,2558611.449,558325.3914,6.408004339,5.746887379,0.050007151,0.00386451,0.010093625,0.063965286,0.013958135,38131.31817,29810.52247,6017.064128,2303.731571,6.801139423
69,control,4,control_4,60.63,0.001921516,0.000855708,0.000982128,8.37E-05,0.001065808,0.085202425,0.116501487,0.051881564,0.059546424,0.0050735,0.064619923,0.085202425,6.665083705,4.165819468,4.791054003,4624701.485,14649.38755,61809.32533,4701160.198,76458.71288,6.672205051,4.883426983,0.115617537,0.001545233,0.000366235,0.117529005,0.001911468,77538.51555,76277.44491,241.6194549,1019.451185,6.073060544
70,control,4,control_4,63.27,0.003178436,0.00024352,0.001088934,0.001845982,0.002934916,1.695219564,0.201099647,0.015407538,0.068896839,0.11679527,0.185692109,1.695219564,6.64906256,6.243874712,6.804166685,4457204.501,1753374.605,6370399.743,12580978.85,8123774.348,7.099714432,6.909757852,0.111430113,0.159259994,0.043834365,0.314524471,0.203094359,198845.8803,70447.36053,27712.57476,100685.945,7.640964403
72,control,4,control_4,63.68,0.002296139,0.000341639,0.000918393,0.001036108,0.001954501,1.128175568,0.146218151,0.021755545,0.058483242,0.065979365,0.124462607,1.128175568,7.007887812,5.796533118,5.813852364,10183282.98,625940.5942,651406.9143,11460630.49,1277347.509,7.05920851,6.106309065,0.254582075,0.016285173,0.015648515,0.286515762,0.031933688,179972.2124,159913.3634,9829.46913,10229.37994,7.011270173
73,control,4,control_4,59.4,0.00210228,0.000315887,0.000585184,0.001201208,0.001786392,2.052702268,0.124875414,0.018763714,0.034759925,0.071351776,0.106111701,2.052702268,7.560065026,5.844406751,6.266596166,36313242.16,698886.6597,1847549.851,38859678.67,2546436.511,7.589499205,6.405932853,0.907831054,0.046188746,0.017472166,0.971491967,0.063660913,654203.3446,611334.0431,11765.76868,31103.53285,7.380169577
74,control,4,control_4,79.14,0.00212111,0.00056354,0.000775729,0.000781842,0.001557571,1.007880807,0.167864669,0.044598529,0.061391164,0.061874975,0.123266139,1.007880807,7.166514707,5.263406032,5.816365031,14672857.75,183402.8298,655186.6361,15511447.22,838589.4659,7.190652319,5.923549403,0.366821444,0.016379666,0.004585071,0.38778618,0.020964737,196000.0912,185403.8129,2317.447938,8278.830378,6.832705609
75,control,4,control_4,68.35,0.002385646,0.000572519,0.000963615,0.000849512,0.001813127,0.88158934,0.163058884,0.039131668,0.065863052,0.058064164,0.123927216,0.88158934,6.947114766,5.936498093,5.333407761,8853495.408,863968.8661,215480.394,9932944.668,1079449.26,6.997078016,6.033202233,0.221337385,0.00538701,0.021599222,0.248323617,0.026986232,145324.7208,129531.7543,12640.36381,3152.602692,6.940035541
76,control,4,control_4,59.23,0.002413587,0.000405568,0.001040768,0.000967251,0.00200802,0.929362779,0.142956766,0.02402177,0.061644703,0.057290293,0.118934996,0.929362779,6.863883182,6.57069384,4.738032954,7309424.452,3721292.779,54705.74716,11085422.98,3775998.526,7.044752269,6.577031816,0.182735611,0.001367644,0.093032319,0.277135574,0.094399963,187158.9225,123407.4701,62827.83689,923.6155185,7.501722155
77,control,4,control_4,67.22,0.002708109,0.000476999,0.001149062,0.001082048,0.00223111,0.941678995,0.182039089,0.032063852,0.077239975,0.072735262,0.149975237,0.941678995,6.508278328,5.332299181,4.360253092,3223133.751,214931.06,22922.0308,3460986.842,237853.0908,6.539199948,5.376308799,0.080578344,0.000573051,0.005373277,0.086524671,0.005946327,51487.45674,47949.02932,3197.427254,341.0001607,6.200289242
78,control,4,control_4,59.61,0.002804273,0.001561991,0.000773185,0.000469096,0.001242282,0.606706259,0.167162708,0.093110305,0.046089571,0.027962831,0.074052402,0.606706259,6.930391361,6.463657661,6.974810946,8519053.804,2908423.606,9436500.036,20863977.45,12344923.64,7.319397105,7.091488408,0.212976345,0.235912501,0.07271059,0.521599436,0.308623091,350008.0095,142913.1656,48790.8674,158303.9764,8.221949255
79,control,4,control_4,59.14,0.001729498,0.000359951,0.000735678,0.000633868,0.001369546,0.861609745,0.102282484,0.02128753,0.04350802,0.037486934,0.080994954,0.861609745,7.040070064,6.212122349,5.398342695,10966551.03,1629755.102,250231.9123,12846538.04,1879987.014,7.108786107,6.274154849,0.274163776,0.006255798,0.040743878,0.321163451,0.046999675,217222.4898,185433.734,27557.57697,4231.178767,7.365696884
80,control,4,control_4,64.78,0.002461005,0.000622093,0.001106543,0.00073237,0.001838913,0.661853924,0.159423936,0.040299163,0.071681856,0.047442917,0.119124773,0.661853924,6.987036566,5.499772859,5.338421314,9705916.848,316062.4187,217982.3418,10239961.61,534044.7605,7.010298328,5.727577659,0.242647921,0.005449559,0.00790156,0.25599904,0.013351119,158072.8868,149828.9109,4879.012329,3364.963597,6.651575573
81,control,4,control_4,63.81,0.001949939,0.000353376,0.000918418,0.000678145,0.001596563,0.738383455,0.124425596,0.022548935,0.058604251,0.04327241,0.101876661,0.738383455,6.919798884,4.679591796,5.380198781,8313786.815,47818.04271,239993.114,8601597.972,287811.1567,6.93457914,5.459107625,0.20784467,0.005999828,0.001195451,0.215039949,0.007195279,134800.1563,130289.7166,749.3816441,3761.058047,6.451032922
82,control,4,control_4,53.33,0.002198299,0.000397629,0.001056978,0.000743692,0.00180067,0.703602265,0.117235284,0.021205553,0.056368634,0.039661098,0.096029732,0.703602265,5.445842599,5.675384221,6.004111459,279153.1926,473570.042,1009511.937,1762235.172,1483081.979,6.246063865,6.171165158,0.00697883,0.025237798,0.011839251,0.044055879,0.037077049,33043.97472,5234.449514,8879.993287,18929.53191,7.188759442
83,control,4,control_4,62.72,0.00164622,0.000370654,0.000758086,0.00051748,0.001275566,0.68261411,0.103250894,0.02324741,0.047547137,0.032456347,0.080003484,0.68261411,6.651622641,6.198469351,5.390907724,4483556.443,1579317.149,245984.4898,6308858.082,1825301.639,6.799950758,6.261334644,0.112088911,0.006149612,0.039482929,0.157721452,0.045632541,100587.6607,71485.27492,25180.43924,3921.946585,7.358225745
84,control,4,control_4,60.07,0.001624129,0.000696028,0.000572603,0.000355498,0.000928101,0.620846273,0.097561429,0.04181042,0.034396235,0.021354774,0.055751009,0.620846273,6.677130659,5.906685181,5.595326644,4754782.541,806650.0801,393846.1862,5955278.807,1200496.266,6.774902099,6.079360814,0.118869564,0.009846155,0.020166252,0.14888197,0.030012407,99138.98464,79154.02932,13428.50142,6556.453907,7.333108085
85,control,4,control_4,58.09,0.001866344,0.000208322,0.000966128,0.000691894,0.001658022,0.716151399,0.108415933,0.01210145,0.056122369,0.040192113,0.096314483,0.716151399,6.197324059,6.238148079,6.218521497,1575157.769,1730406.265,1653946.651,4959510.685,3384352.916,6.69543883,6.529475644,0.039378944,0.041348666,0.043260157,0.123987767,0.084608823,85376.32441,27115.8163,29788.36745,28472.14066,7.545784049
89,control,4,control_4,58.93,0.002035059,0.000296278,0.000737431,0.00100135,0.001738781,1.357889941,0.119925999,0.017459649,0.043456799,0.05900955,0.10246635,1.357889941,7.195345172,6.263631095,6.143154929,15679967.99,1834978.987,1390448.567,18905395.54,3225427.554,7.276585768,6.508587292,0.3919992,0.034761214,0.045874475,0.472634889,0.080635689,320811.0562,266077.8549,31138.28249,23594.91884,7.498006027
136,crash,4,crash_4,68.15,0.001853913,0.000687831,0.000679662,0.00048642,0.001166082,0.715679216,0.126344187,0.046875665,0.046318986,0.033149536,0.079468522,0.715679216,6.302495006,5.018439848,5.754412873,2006758.016,104337.3609,568084.4129,2679179.79,672421.7738,6.428001858,5.827641768,0.05016895,0.01420211,0.002608434,0.066979495,0.016810544,39312.98298,29446.19246,1530.995758,8335.79476,6.927446635
137,crash,4,crash_4,64.75,0.00189649,0.000923798,0.000775561,0.00019713,0.000972692,0.254177559,0.122797715,0.05981594,0.050217591,0.012764185,0.062981776,0.254177559,6.618986574,5.276135765,6.18595601,4158977.529,188858.1649,1534461.548,5882297.242,1723319.713,6.769546966,6.236365856,0.103974438,0.038361539,0.004721454,0.147057431,0.043082993,90846.28945,64231.31319,2916.728415,23698.24785,7.437150956
142,crash,4,crash_4,49.17,0.002451071,0.000686158,0.000797741,0.000967173,0.001764913,1.212389902,0.120519177,0.033738393,0.039224905,0.047555879,0.086780784,1.212389902,7.157662531,5.455665556,5.088462198,14376809.93,285539.08,122592.0191,14784941.03,408131.0991,7.169819597,5.610799689,0.359420248,0.0030648,0.007138477,0.369623526,0.010203277,300690.2792,292389.8704,5807.180801,2493.227966,6.67237612
143,crash,4,crash_4,56.54,0.003505208,0.00182518,0.001121326,0.000558702,0.001680028,0.498251453,0.198184444,0.103195665,0.063399758,0.031589022,0.09498878,0.498251453,6.936142701,5.167493847,3.857663121,8632621.533,147059.7579,7205.48339,8786886.774,154265.2413,6.94383503,5.188268083,0.215815538,0.000180137,0.003676494,0.219672169,0.003856631,155410.0951,152681.6684,2600.986167,127.4404561,6.210595775
144,crash,4,crash_4,64.23,0.002967421,0.000979424,0.001037388,0.00095061,0.001987998,0.916349465,0.190597477,0.062908379,0.066631426,0.061057672,0.127689098,0.916349465,6.541000415,5.086724881,5.052943782,3475364.937,122102.5914,112964.9677,3710432.496,235067.5591,6.569424535,5.371192698,0.086884123,0.002824124,0.003052565,0.092760812,0.005876689,57767.90435,54108.12606,1901.021196,1758.757087,6.26503888
145,crash,4,crash_4,65.08,0.002984027,0.001453155,0.000709393,0.000821479,0.001530872,1.158002481,0.194200497,0.094571317,0.046167315,0.053461865,0.09962918,1.158002481,7.110946095,4.955243975,6.294759514,12910590.17,90207.77576,1971330.83,14972128.78,2061538.606,7.175283554,6.314191472,0.322764754,0.049283271,0.002255194,0.374303219,0.051538465,230057.2953,198380.3038,1386.105958,30290.88553,7.315804917
146,crash,4,crash_4,62.776,0.001904137,0.000805639,0.000797587,0.000300911,0.001098499,0.377276793,0.119534134,0.050574791,0.050069342,0.018890001,0.068959343,0.377276793,6.458227759,6.095714415,5.539825902,2872286.513,1246563.524,346597.8801,4465447.917,1593161.404,6.649865028,6.202259777,0.071807163,0.008664947,0.031164088,0.111636198,0.039829035,71133.04316,45754.53219,19857.32643,5521.184531,7.363666661
148,crash,4,crash_4,58.09,0.001808546,0.000358269,0.000734558,0.00071572,0.001450277,0.974354761,0.105058445,0.02081183,0.042670454,0.04157616,0.084246615,0.974354761,7.328516555,4.460637223,5.279891107,21306717.86,28882.66235,190498.3011,21526098.82,219380.9635,7.33296533,5.341198939,0.532667947,0.004762458,0.000722067,0.538152471,0.005484524,370564.6208,366788.0506,497.2054114,3279.364798,6.41564648
154,crash,4,crash_4,51.19,0.001092952,0.000207226,0.000523092,0.000362635,0.000885726,0.693252114,0.055948221,0.010607886,0.026777073,0.018563262,0.045340335,0.693252114,6.468246446,5.438996169,5.106209267,2939317.135,274786.9911,127705.4017,3341809.528,402492.3928,6.523981693,5.604757677,0.073482928,0.003192635,0.006869675,0.083545238,0.01006231,65282.46782,57419.75259,5367.981854,2494.73338,6.94827295
156,crash,4,crash_4,56.24,0.002293078,0.00090165,0.000711615,0.000679813,0.001391428,0.9553094,0.128962722,0.05070879,0.040021253,0.038232679,0.078253932,0.9553094,7.270902968,7.127006178,6.460123648,18659627.42,13396957.44,2884852.731,34941437.59,16281810.17,7.543340769,7.211702687,0.466490686,0.072121318,0.334923936,0.87353594,0.407045254,621291.5646,331785.6938,238210.4808,51295.38995,8.318196517
157,crash,4,crash_4,59.12,0.004050211,0.001267064,0.001157162,0.001625986,0.002783147,1.405149883,0.239448472,0.07490881,0.068411396,0.096128266,0.164539662,1.405149883,6.941851695,5.272195393,3.860540523,8746850.33,187152.3965,7253.38155,8941256.108,194405.7781,6.951398535,5.288709169,0.218671258,0.000181335,0.00467881,0.223531403,0.004860144,151239.1087,147950.7837,3165.635935,122.6891331,6.072438568
158,crash,4,crash_4,62.12,0.003414319,0.001833565,0.001158379,0.000422376,0.001580755,0.364627043,0.212097522,0.113901039,0.071958476,0.026238006,0.098196483,0.364627043,5.894158286,4.066037431,3.533452207,783715.2291,11642.26368,3415.483619,798772.9764,15057.7473,5.902423364,4.177760004,0.019592881,8.53871E-05,0.000291057,0.019969324,0.000376444,12858.54759,12616.14986,187.4157064,54.98202864,5.185664073
160,crash,4,crash_4,53.21,0.002533372,0.000963039,0.000936304,0.000634028,0.001570333,0.677160478,0.134800736,0.05124333,0.049820758,0.033736648,0.083557406,0.677160478,6.430415995,5.798944346,5.024530169,2694114.16,629425.5178,105810.8416,3429350.519,735236.3594,6.535211877,5.866426976,0.067352854,0.002645271,0.015735638,0.085733763,0.018380909,64449.36139,50631.72637,11829.08321,1988.551806,6.944442027
211,extra,4,extra_4,62.73,0.001397145,0.000200272,0.000703107,0.000493766,0.001196873,0.702263148,0.087642903,0.012563038,0.04410591,0.030973955,0.075079865,0.702263148,6.881528692,6.568136741,5.666318803,7612524.309,3699446.417,463787.2481,11775757.97,4163233.665,7.070988871,6.619430787,0.190313108,0.011594681,0.09248616,0.294393949,0.104080842,187721.3132,121353.8069,58974.11792,7393.388301,7.743907305
212,extra,4,extra_4,57.85,0.002040642,0.000378163,0.001006066,0.000656413,0.001662479,0.652455665,0.118051144,0.021876722,0.058200909,0.037973513,0.096174422,0.652455665,6.877926489,6.711261983,6.226703966,7549644.268,5143538.36,1685403.788,14378586.42,6828942.148,7.157716192,6.834353434,0.188741107,0.042135095,0.128588459,0.35946466,0.170723554,248549.4627,130503.7903,88911.63976,29134.03264,7.851293848
213,extra,4,extra_4,55.93,0.001624676,0.000471362,0.000344308,0.000809006,0.001153314,2.349655539,0.090868126,0.026363271,0.019257161,0.045247694,0.064504855,2.349655539,7.415183653,6.413731466,6.272290053,26012593.42,2592575.818,1871931.934,30477101.17,4464507.752,7.483973657,6.649773581,0.650314836,0.046798298,0.064814395,0.761927529,0.111612694,544915.0934,465091.9617,46353.93917,33469.19245,7.840181179
214,extra,4,extra_4,64.47,0.002655515,0.000506695,0.000974362,0.001174458,0.00214882,1.205360427,0.171201064,0.032666639,0.062817136,0.07571729,0.138534426,1.205360427,6.731669778,6.530974415,6.616745795,5391005.534,3396052.655,4137574.199,12924632.39,7533626.854,7.111418199,6.877004105,0.134775138,0.103439355,0.084901316,0.32311581,0.188340671,200475.1417,83620.37434,52676.47984,64178.28756,7.735446397
215,extra,4,extra_4,65.84,0.002188988,0.000535271,0.001087038,0.000566679,0.001653717,0.521305325,0.144122966,0.035242256,0.071570583,0.037310126,0.108880709,0.521305325,6.397508719,6.347076534,6.218822585,2497518.532,2223701.732,1655093.698,6376313.962,3878795.43,6.804569693,6.588696875,0.062437963,0.041377342,0.055592543,0.159407849,0.096969886,96845.59481,37933.14903,33774.32764,25138.11813,7.551745934
216,extra,4,extra_4,58.02,0.001589432,0.000547571,0.000683046,0.000358814,0.001041861,0.525314337,0.092218829,0.031770079,0.039630356,0.020818394,0.06044875,0.525314337,6.631654204,6.326151078,6.690091633,4282074.355,2119098.177,4898821.705,11299994.24,7017919.882,7.053078222,6.846208406,0.107051859,0.122470543,0.052977454,0.282499856,0.175447997,194760.3281,73803.41873,36523.58113,84433.32825,8.06482108
217,extra,4,extra_4,69.65,0.002778955,0.001332615,0.001081122,0.000365219,0.001446341,0.337814673,0.193554245,0.092816629,0.075300128,0.025437488,0.100737616,0.337814673,6.709392849,6.636958466,6.692444364,5121448.966,4334694.212,4925432.415,14381575.59,9260126.627,7.157806468,6.966616925,0.128036224,0.12313581,0.108367355,0.35953939,0.231503166,206483.4974,73531.21272,62235.37993,70716.90474,7.963425257
221,extra,4,extra_4,54.08,0.004612921,0.002479228,0.000855898,0.001277794,0.002133693,1.492927608,0.249466782,0.134076667,0.04628699,0.069103125,0.115390115,1.492927608,6.475695132,3.570855561,4.801602702,2990164.848,3722.678757,63329.01038,3057216.537,67051.68914,6.4853262,4.826409723,0.074754121,0.001583225,9.3067E-05,0.076430413,0.001676292,56531.37088,55291.50976,68.83651548,1171.0246,5.764241117
222,extra,4,extra_4,58.68,0.00286236,0.000972434,0.001147106,0.00074282,0.001889926,0.647559652,0.167963273,0.057062399,0.067312206,0.043588669,0.110900875,0.647559652,6.850190087,6.598458774,6.190024073,7082557.147,3966968.698,1548902.471,12598428.32,5515871.169,7.100316369,6.741614114,0.177063929,0.038722562,0.099174217,0.314960708,0.137896779,214697.1424,120697.9746,67603.42021,26395.74763,7.696679142
224,extra,4,extra_4,56.1,0.001372524,0.000684716,0.000514186,0.000173622,0.000687808,0.337662694,0.076998581,0.038412562,0.028845851,0.009740168,0.038586019,0.337662694,6.731610035,6.699406899,5.551083616,5390263.979,5005032.467,355699.796,10750996.24,5360732.263,7.03144871,6.729224117,0.134756599,0.008892495,0.125125812,0.268774906,0.134018307,191639.8617,96083.13688,89216.26501,6340.459822,8.142794148
225,extra,4,extra_4,65.82,0.001709799,0.000336882,0.000571246,0.00080167,0.001372917,1.403370445,0.112538943,0.022173549,0.037599445,0.052765949,0.090365394,1.403370445,6.775500285,5.755549052,6.312230563,5963487.116,569572.5517,2052251.413,8585311.081,2621823.965,6.933756036,6.418603529,0.149087178,0.051306285,0.014239314,0.214632777,0.065545599,130436.206,90602.96439,8653.487568,31179.75407,7.462601383
227,extra,4,extra_4,62.31,0.003013938,0.001174172,0.001242518,0.000597248,0.001839766,0.48067532,0.18779847,0.073162662,0.0774213,0.037214508,0.114635808,0.48067532,6.46027091,5.03164139,6.349378256,2885831.107,107557.6712,2235518.435,5228907.213,2343076.106,6.718410935,6.369786395,0.072145778,0.055887961,0.002688942,0.13072268,0.058576903,83917.62499,46314.09255,1726.170297,35877.36214,7.310466099
229,extra,4,extra_4,61.12,0.002099432,0.000429742,0.000778173,0.000891517,0.00166969,1.145653519,0.128317261,0.026265828,0.047561935,0.054489498,0.102051433,1.145653519,7.199032208,5.437029028,6.059110903,15813653.1,273545.1557,1145805.501,17233003.76,1419350.657,7.236360983,6.152089703,0.395341328,0.028645138,0.006838629,0.430825094,0.035483766,281953.5955,258731.2353,4475.542469,18746.81775,7.143270595
230,extra,4,extra_4,57.86,0.001820148,0.000708163,0.000160958,0.000951027,0.001111985,5.90852068,0.105313743,0.04097429,0.009313058,0.055026395,0.064339453,5.90852068,6.209964993,5.844376926,6.992221689,1621679.374,698838.6658,9822492.117,12143010.16,10521330.78,7.084326358,7.022070675,0.040541984,0.245562303,0.017470967,0.303575254,0.26303327,209868.824,28027.64214,12078.09654,169763.0853,8.21359331
